Field No.,Field Name,Type,Length,M (Y/N),Column,Hadcord Value ,HardCode Flag,condition/Comment,Special char remove
1,CUSTOMER CODE,AN,10,M,,ZELECT ,,,Y
2,BUYER CODE,AN,50,M,4,,,,Y
3,AMOUNT,N,22,M,12,,,,Y
4,DATE,N,10,M,16,,,,N
5,UTR,AN,50,M,13,,,,Y
6,ECL ACCOUNT NUMBER,AN,50,M,5,,,,Y
7,REMITTER IFSCCODE,AN,20,M,8,,,,Y
8,REMITTER Account Number,AN,200,M,7,,,,Y
9,REMITTER NAME,AN,100,M,6,,,,N
10,PAYMENT PRODUCT CODE,AN,10,M,14,,,,Y
11,BENEFICIARY BANK CODE,AN,100,M,10,IndusInd,,Yet to confirm,Y
12,profit centre,AN,7,M,4,,,from 7 position to next 7 char,Y
13,RC,AN,2,M,4,,,next 2 char,Y
14,Spl GL,AN,1,M,4,,,next 1 char,Y
15,Doc type as per location,AN,2,M,4,,,next 2 char,Y
16,CMS Code,AN,4,M,4,,,next 4 char,Y
